{"cameraMode":{"drawMode":0,"name":"Shaded","section":"Shading Mode"},"sceneLighting":true,"audioPlay":false,"sceneViewState":{"m_AlwaysRefresh":false,"showFog":true,"showSkybox":true,"showFlares":true,"showImageEffects":true,"showParticleSystems":true,"showVisualEffectGraphs":true,"m_FxEnabled":true},"in2DMode":false,"pivot":{"x":1.6395586729049683,"y":9.576184272766114,"z":-11.963492393493653},"rotation":{"x":-0.02280729077756405,"y":-0.008399485610425473,"z":0.0001931234437506646,"w":-0.999722421169281},"size":0.8660253882408142,"orthographic":false}